序号,费用科目,职级/城市类别,标准类型,标准值,单位,依据条款,备注
1,出差住宿-一类城市,普通员工,上限,450,元/人/晚,员工手册 第6.2条,一类城市：北京 上海 广州 深圳
2,出差住宿-一类城市,主管级,上限,600,元/人/晚,员工手册 第6.2条,一类城市：北京 上海 广州 深圳
3,出差住宿-一类城市,总监级及以上,上限,900,元/人/晚,员工手册 第6.2条,一类城市：北京 上海 广州 深圳
4,出差住宿-二类城市,普通员工,上限,350,元/人/晚,员工手册 第6.2条,二类城市：杭州 成都 武汉 南京 西安
5,出差住宿-二类城市,主管级,上限,480,元/人/晚,员工手册 第6.2条,二类城市：杭州 成都 武汉 南京 西安
6,出差住宿-二类城市,总监级及以上,上限,700,元/人/晚,员工手册 第6.2条,二类城市：杭州 成都 武汉 南京 西安
7,出差住宿-三类城市,普通员工,上限,280,元/人/晚,员工手册 第6.2条,三类城市：其他地级市
8,出差住宿-三类城市,主管级,上限,380,元/人/晚,员工手册 第6.2条,三类城市：其他地级市
9,出差住宿-三类城市,总监级及以上,上限,550,元/人/晚,员工手册 第6.2条,三类城市：其他地级市
10,出差伙食补贴,全体,包干,100,元/人/天,员工手册 第6.4条,不需提供发票；当日往返不足8小时不予发放
11,出差住宿上浮,全体,例外上限,30,百分比,员工手册 第6.3条,展会/大型会议导致房价上涨，需部门负责人事前书面批准
12,业务招待费,国内客户,上限,200,元/人,财务报销制度 第4.3条,须事前申请
13,业务招待费,重要客户,上限,400,元/人,财务报销制度 第4.3条,须事前申请；超标准部分个人承担
14,通讯费补贴,总监级及以上,月度标准,300,元/月,财务报销制度 第4.4条,按月随工资发放
15,通讯费补贴,主管级,月度标准,150,元/月,财务报销制度 第4.4条,按月随工资发放
16,通讯费补贴,其他员工,月度标准,100,元/月,财务报销制度 第4.4条,按月随工资发放
17,办公用品采购,全体,审批线,1000,元/单次,财务报销制度 第4.2条,超过须附采购申请单
18,单笔报销审批,全体,审批线,2000,元,财务报销制度 第2.3条,≤2000元：直属主管+财务部
19,单笔报销审批,全体,审批线,10000,元,财务报销制度 第2.3条,2000<X≤10000：+部门负责人；>10000：+财务总监+总经理
20,报销时效,全体,时限,30,自然日,财务报销制度 第3.1条,超30日需附延迟报销说明
21,报销时效,全体,时限,90,自然日,财务报销制度 第3.3条,超90日原则上不予报销
22,飞机出行,主管级及以下,单程上限,1500,元,财务报销制度 第5.3条,须部门负责人事前批准且仅限经济舱
23,市内交通单笔,全体,说明线,200,元,财务报销制度 第5.5条,超过须注明事由；22:00后因公用车不受限
24,考勤-迟到,全体,不计旷工上限,30,分钟,考勤管理制度 第3.3条,30分钟以内计为迟到
25,考勤-严重迟到,全体,扣绩效比例,20,百分比,考勤管理制度 第3.3条,迟到30至120分钟，扣发当日绩效工资20%
26,考勤-旷工半天认定,全体,迟到阈值,120,分钟,考勤管理制度 第3.3条,迟到超过120分钟即认定旷工半天
27,考勤-迟到累计,全体,扣奖阈值,3,次/月,考勤管理制度 第3.4条,当月累计迟到3次以上扣发全勤奖
28,考勤-旷工处理,全体,解除线,2,天/月,考勤管理制度 第3.5条,当月累计旷工2天以上可依法解除劳动合同
29,考勤-补卡,全体,次数上限,3,次/月,考勤管理制度 第2.3条,须3个工作日内提交补卡申请
30,考勤-加班,全体,月度上限,36,小时/月,考勤管理制度 第5.6条,超出须人力资源部备案
31,考勤-加班费,全体,加班费系数,1.5,倍小时工资,考勤管理制度 第5.3条,工作日加班；可选择1:1调休替代
32,考勤-加班费,全体,休息日系数,2,倍小时工资,考勤管理制度 第5.4条,优先安排调休
33,考勤-加班费,全体,节假日系数,3,倍小时工资,考勤管理制度 第5.5条,不安排调休
34,年休假,工作1-10年,天数,5,天/年,员工手册 第4.2条,累计工作年限
35,年休假,工作10-20年,天数,10,天/年,员工手册 第4.2条,累计工作年限
36,年休假,工作20年以上,天数,15,天/年,员工手册 第4.2条,累计工作年限
37,发薪日,全体,日期,15,日/月,员工手册 第5.1条,遇节假日提前至最近工作日
38,出差审批,全体,天数阈值,5,工作日,员工手册 第6.1条,超过须部门负责人审批
39,出差审批,全体,预算阈值,8000,元/次,员工手册 第6.1条,超过须部门负责人审批
40,考勤周期,全体,周期,1,日/月,考勤管理制度 第6.1条,自然月；次月5日前出汇总表
